English,Spanish
All Inventory,Todos los Vehículos
Alloy Wheels,Aros de Aleación
Ask,Preguntar
Bargain Inventory,Vehículos Económicos
Body Style,Estilo de Carrocería
Car,Vehículo
CarFinder,CarFinder
Certified Vehicles,Vehículos Certificados
Chevy Cares,Chevy se Preocupa
Classifieds New Inventory,Vehículos Nuevos Clasificados
Classifieds Used Inventory,Vehículos Usados Clasificados
Collision Center,Centro de Reparación de Choques
Customer Reviews,Opiniones de Clientes
Dealer,Concesionario
Detailing,Detailing
Directions,Ubicación
Directions,Indicaciones
Down Payment,Pago Inicial
Drive Line / Driveline,Línea de Transmisión
Exotic New Inventory,Vehículos Nuevos Exóticos
Exotic Pre-owned Inventory,Vehículos Usados Exóticos
Express,Exprés
Finance Application,Solicitud de Financiamiento
Finance Center,Centro de Financiamiento
Finance Credit Application,Solicitud de Crédito Financiero
Get ePrice,Obtener el Precio en Línea
Hybrid,Híbrido
KBB Instant Cash Offer,Oferta al Instante en Efectivo KBB
KBB Instant Trade In Cash Offer,Oferta en Efectivo de KBB Instant Trade In
Learn More,Conozca Más
Lease,Arrendamiento
Lease Specials,Ofertas de Arrendamiento
Lifetime,De por Vida
Loan,Préstamo
Middle Initial,Inicial del Segundo Nombre
Milleage,Millaje
New Inventory,Vehículos Nuevos
New Lineup,Nueva Alineación
Opt Out Form,Formulario de Exclusión
Owners,Propietarios
Parts,Partes
Parts Center,Departamento de Partes
Payment Estimator,Calculadora de Pagos
Pre-Owned Inventory,Vehículos Usados
Rebate,Rebaja
Recall,Recall
Rent,Alquilar
Research,Explorar
Research Center,Centro de Exploración de Vehículos
Schedule,Agendar
Service,Mantenimiento
Service & Parts,Mantenimiento y Partes
Service Care,Servicio de Cuidado
Specials,Ofertas
Starting at,Desde
Tire,Neumático
Trade-In,Intercambiar
Trade-In Appraisal,Valore Su Vehículo
Trim,Equipamiento
Truck,Camioneta
Tune Up,Afinar
Value Your Trade,Valore Su Vehículo
Vehicle Showroom,Sala de Exposición de Vehículos
View xx Qualifying Vehicle(s),Ver XX Vehículos que Califican
Wholesale New Inventory,Vehículos Nuevos al Por Mayor
Window Sticker,<<
Wiper Blades,Limpiaparabrisas
xxxx Vehicles Research Overview,Descripción General de Vehículos xxxxx
Zip Code,Código Postal
Contact Us,Contáctenos/Contáctanos
Oil Change Service,Servicio de Cambio de Aceite
